<?xml version="1.0" encoding="utf-8"?>
<Defs>
	<HugsLib.UpdateFeatureDef Abstract="true" Name="UpdateFeatureBase">
		<modNameReadable>Throw Them</modNameReadable>
		<modIdentifier>ThrowThem</modIdentifier>
		<linkUrl>https://www.buymeacoffee.com/bustedbunny</linkUrl>

	</HugsLib.UpdateFeatureDef>

	<HugsLib.UpdateFeatureDef ParentName="UpdateFeatureBase">
		<defName>ThrowThemBetaFirst</defName>
		<assemblyVersion>0.9.0</assemblyVersion>
		<content>
            |Initial beta release of Throw Them.
			|In order to make use of this mode, simply pick up grenades and button for throwing them will appear without a need to equip them.
</content>
	</HugsLib.UpdateFeatureDef>

	<HugsLib.UpdateFeatureDef ParentName="UpdateFeatureBase">
		<defName>ThrowThemBetaSecond</defName>
		<assemblyVersion>0.9.1</assemblyVersion>
		<content>
            |Throw Them Beta Update 1
			|-Now fully compatible with any version of Combat Extended.
			|-Added default keybind of Misc4 (N by default).
</content>
	</HugsLib.UpdateFeatureDef>

</Defs>